/data/chamal/projects/natvik/knox_qc_full_06232025/derivatives/knox_inj/bin0.5/175158132.jpg,175158132,0,
/data/chamal/projects/natvik/knox_qc_full_06232025/derivatives/knox_inj/bin0.5/180568155.jpg,180568155,9,
/data/chamal/projects/natvik/knox_qc_full_06232025/derivatives/knox_inj/bin0.5/158434409.jpg,158434409,0,
/data/chamal/projects/natvik/knox_qc_full_06232025/derivatives/knox_inj/bin0.5/120436988.jpg,120436988,0,
/data/chamal/projects/natvik/knox_qc_full_06232025/derivatives/knox_inj/bin0.5/175263771.jpg,175263771,0,
/data/chamal/projects/natvik/knox_qc_full_06232025/derivatives/knox_inj/bin0.5/304586645.jpg,304586645,0,
/data/chamal/projects/natvik/knox_qc_full_06232025/derivatives/knox_inj/bin0.5/114292355.jpg,114292355,0,
/data/chamal/projects/natvik/knox_qc_full_06232025/derivatives/knox_inj/bin0.5/113553300.jpg,113553300,0,
/data/chamal/projects/natvik/knox_qc_full_06232025/derivatives/knox_inj/bin0.5/558580065.jpg,558580065,0,
/data/chamal/projects/natvik/knox_qc_full_06232025/derivatives/knox_inj/bin0.5/100142354.jpg,100142354,0,
/data/chamal/projects/natvik/knox_qc_full_06232025/derivatives/knox_inj/bin0.5/146794439.jpg,146794439,0,
/data/chamal/projects/natvik/knox_qc_full_06232025/derivatives/knox_inj/bin0.5/147635309.jpg,147635309,1,
/data/chamal/projects/natvik/knox_qc_full_06232025/derivatives/knox_inj/bin0.5/180708524.jpg,180708524,9,
/data/chamal/projects/natvik/knox_qc_full_06232025/derivatives/knox_inj/bin0.5/112423392.jpg,112423392,0,
/data/chamal/projects/natvik/knox_qc_full_06232025/derivatives/knox_inj/bin0.5/127711803.jpg,127711803,0,
/data/chamal/projects/natvik/knox_qc_full_06232025/derivatives/knox_inj/bin0.5/100141993.jpg,100141993,0,
/data/chamal/projects/natvik/knox_qc_full_06232025/derivatives/knox_inj/bin0.5/142656218.jpg,142656218,0,
/data/chamal/projects/natvik/knox_qc_full_06232025/derivatives/knox_inj/bin0.5/141602484.jpg,141602484,0,
/data/chamal/projects/natvik/knox_qc_full_06232025/derivatives/knox_inj/bin0.5/120437703.jpg,120437703,0,
/data/chamal/projects/natvik/knox_qc_full_06232025/derivatives/knox_inj/bin0.5/146856593.jpg,146856593,9,
/data/chamal/projects/natvik/knox_qc_full_06232025/derivatives/knox_inj/bin0.5/100148503.jpg,100148503,0,
/data/chamal/projects/natvik/knox_qc_full_06232025/derivatives/knox_inj/bin0.5/112745787.jpg,112745787,0,
/data/chamal/projects/natvik/knox_qc_full_06232025/derivatives/knox_inj/bin0.5/125436508.jpg,125436508,0,
/data/chamal/projects/natvik/knox_qc_full_06232025/derivatives/knox_inj/bin0.5/126908007.jpg,126908007,0,
/data/chamal/projects/natvik/knox_qc_full_06232025/derivatives/knox_inj/bin0.5/120812686.jpg,120812686,2,
/data/chamal/projects/natvik/knox_qc_full_06232025/derivatives/knox_inj/bin0.5/114474520.jpg,114474520,2,
/data/chamal/projects/natvik/knox_qc_full_06232025/derivatives/knox_inj/bin0.5/100141273.jpg,100141273,0,
/data/chamal/projects/natvik/knox_qc_full_06232025/derivatives/knox_inj/bin0.5/127353220.jpg,127353220,0,
/data/chamal/projects/natvik/knox_qc_full_06232025/derivatives/knox_inj/bin0.5/125437921.jpg,125437921,0,
/data/chamal/projects/natvik/knox_qc_full_06232025/derivatives/knox_inj/bin0.5/120494729.jpg,120494729,9,
/data/chamal/projects/natvik/knox_qc_full_06232025/derivatives/knox_inj/bin0.5/112308468.jpg,112308468,0,
/data/chamal/projects/natvik/knox_qc_full_06232025/derivatives/knox_inj/bin0.5/117312486.jpg,117312486,0,
/data/chamal/projects/natvik/knox_qc_full_06232025/derivatives/knox_inj/bin0.5/147135812.jpg,147135812,4,
/data/chamal/projects/natvik/knox_qc_full_06232025/derivatives/knox_inj/bin0.5/272918345.jpg,272918345,0,
/data/chamal/projects/natvik/knox_qc_full_06232025/derivatives/knox_inj/bin0.5/147049515.jpg,147049515,0,
/data/chamal/projects/natvik/knox_qc_full_06232025/derivatives/knox_inj/bin0.5/158376179.jpg,158376179,0,
/data/chamal/projects/natvik/knox_qc_full_06232025/derivatives/knox_inj/bin0.5/100147785.jpg,100147785,0,
/data/chamal/projects/natvik/knox_qc_full_06232025/derivatives/knox_inj/bin0.5/119846838.jpg,119846838,0,
/data/chamal/projects/natvik/knox_qc_full_06232025/derivatives/knox_inj/bin0.5/180674463.jpg,180674463,0,
/data/chamal/projects/natvik/knox_qc_full_06232025/derivatives/knox_inj/bin0.5/180074890.jpg,180074890,0,
/data/chamal/projects/natvik/knox_qc_full_06232025/derivatives/knox_inj/bin0.5/113936696.jpg,113936696,0,
/data/chamal/projects/natvik/knox_qc_full_06232025/derivatives/knox_inj/bin0.5/180404418.jpg,180404418,9,
/data/chamal/projects/natvik/knox_qc_full_06232025/derivatives/knox_inj/bin0.5/100141454.jpg,100141454,0,
/data/chamal/projects/natvik/knox_qc_full_06232025/derivatives/knox_inj/bin0.5/304565427.jpg,304565427,0,
/data/chamal/projects/natvik/knox_qc_full_06232025/derivatives/knox_inj/bin0.5/272782668.jpg,272782668,0,
/data/chamal/projects/natvik/knox_qc_full_06232025/derivatives/knox_inj/bin0.5/100140756.jpg,100140756,0,
/data/chamal/projects/natvik/knox_qc_full_06232025/derivatives/knox_inj/bin0.5/277615922.jpg,277615922,0,
/data/chamal/projects/natvik/knox_qc_full_06232025/derivatives/knox_inj/bin0.5/175072921.jpg,175072921,1,
/data/chamal/projects/natvik/knox_qc_full_06232025/derivatives/knox_inj/bin0.5/180403712.jpg,180403712,0,
/data/chamal/projects/natvik/knox_qc_full_06232025/derivatives/knox_inj/bin0.5/112881858.jpg,112881858,0,
/data/chamal/projects/natvik/knox_qc_full_06232025/derivatives/knox_inj/bin0.5/126115436.jpg,126115436,0,
/data/chamal/projects/natvik/knox_qc_full_06232025/derivatives/knox_inj/bin0.5/113226232.jpg,113226232,0,
/data/chamal/projects/natvik/knox_qc_full_06232025/derivatives/knox_inj/bin0.5/126116142.jpg,126116142,0,
/data/chamal/projects/natvik/knox_qc_full_06232025/derivatives/knox_inj/bin0.5/129567943.jpg,129567943,0,
/data/chamal/projects/natvik/knox_qc_full_06232025/derivatives/knox_inj/bin0.5/272970039.jpg,272970039,9,
/data/chamal/projects/natvik/knox_qc_full_06232025/derivatives/knox_inj/bin0.5/114755811.jpg,114755811,0,
/data/chamal/projects/natvik/knox_qc_full_06232025/derivatives/knox_inj/bin0.5/307557934.jpg,307557934,0,
/data/chamal/projects/natvik/knox_qc_full_06232025/derivatives/knox_inj/bin0.5/127470271.jpg,127470271,0,
/data/chamal/projects/natvik/knox_qc_full_06232025/derivatives/knox_inj/bin0.5/272404772.jpg,272404772,2,
/data/chamal/projects/natvik/knox_qc_full_06232025/derivatives/knox_inj/bin0.5/100141219.jpg,100141219,0,
/data/chamal/projects/natvik/knox_qc_full_06232025/derivatives/knox_inj/bin0.5/128001349.jpg,128001349,0,
/data/chamal/projects/natvik/knox_qc_full_06232025/derivatives/knox_inj/bin0.5/112424813.jpg,112424813,9,
/data/chamal/projects/natvik/knox_qc_full_06232025/derivatives/knox_inj/bin0.5/272825299.jpg,272825299,0,
/data/chamal/projects/natvik/knox_qc_full_06232025/derivatives/knox_inj/bin0.5/113369603.jpg,113369603,0,
/data/chamal/projects/natvik/knox_qc_full_06232025/derivatives/knox_inj/bin0.5/112514202.jpg,112514202,0,
/data/chamal/projects/natvik/knox_qc_full_06232025/derivatives/knox_inj/bin0.5/112458831.jpg,112458831,0,
/data/chamal/projects/natvik/knox_qc_full_06232025/derivatives/knox_inj/bin0.5/147787606.jpg,147787606,0,
/data/chamal/projects/natvik/knox_qc_full_06232025/derivatives/knox_inj/bin0.5/272873704.jpg,272873704,0,
/data/chamal/projects/natvik/knox_qc_full_06232025/derivatives/knox_inj/bin0.5/146985623.jpg,146985623,0,
/data/chamal/projects/natvik/knox_qc_full_06232025/derivatives/knox_inj/bin0.5/127396051.jpg,127396051,4,
/data/chamal/projects/natvik/knox_qc_full_06232025/derivatives/knox_inj/bin0.5/139311530.jpg,139311530,1,
/data/chamal/projects/natvik/knox_qc_full_06232025/derivatives/knox_inj/bin0.5/124059700.jpg,124059700,0,
/data/chamal/projects/natvik/knox_qc_full_06232025/derivatives/knox_inj/bin0.5/115958115.jpg,115958115,0,
/data/chamal/projects/natvik/knox_qc_full_06232025/derivatives/knox_inj/bin0.5/128056535.jpg,128056535,0,
/data/chamal/projects/natvik/knox_qc_full_06232025/derivatives/knox_inj/bin0.5/175263063.jpg,175263063,0,
/data/chamal/projects/natvik/knox_qc_full_06232025/derivatives/knox_inj/bin0.5/157549402.jpg,157549402,0,
/data/chamal/projects/natvik/knox_qc_full_06232025/derivatives/knox_inj/bin0.5/180296424.jpg,180296424,0,
/data/chamal/projects/natvik/knox_qc_full_06232025/derivatives/knox_inj/bin0.5/113442864.jpg,113442864,0,
/data/chamal/projects/natvik/knox_qc_full_06232025/derivatives/knox_inj/bin0.5/113096571.jpg,113096571,4,
/data/chamal/projects/natvik/knox_qc_full_06232025/derivatives/knox_inj/bin0.5/116903230.jpg,116903230,0,
/data/chamal/projects/natvik/knox_qc_full_06232025/derivatives/knox_inj/bin0.5/120491896.jpg,120491896,0,
/data/chamal/projects/natvik/knox_qc_full_06232025/derivatives/knox_inj/bin0.5/115958825.jpg,115958825,0,
/data/chamal/projects/natvik/knox_qc_full_06232025/derivatives/knox_inj/bin0.5/112459547.jpg,112459547,0,
/data/chamal/projects/natvik/knox_qc_full_06232025/derivatives/knox_inj/bin0.5/112827164.jpg,112827164,0,
/data/chamal/projects/natvik/knox_qc_full_06232025/derivatives/knox_inj/bin0.5/148198052.jpg,148198052,0,
/data/chamal/projects/natvik/knox_qc_full_06232025/derivatives/knox_inj/bin0.5/117316260.jpg,117316260,4,
/data/chamal/projects/natvik/knox_qc_full_06232025/derivatives/knox_inj/bin0.5/148964212.jpg,148964212,0,
/data/chamal/projects/natvik/knox_qc_full_06232025/derivatives/knox_inj/bin0.5/100141222.jpg,100141222,0,
/data/chamal/projects/natvik/knox_qc_full_06232025/derivatives/knox_inj/bin0.5/100148443.jpg,100148443,9,
/data/chamal/projects/natvik/knox_qc_full_06232025/derivatives/knox_inj/bin0.5/147790181.jpg,147790181,9,
/data/chamal/projects/natvik/knox_qc_full_06232025/derivatives/knox_inj/bin0.5/138058320.jpg,138058320,4,
/data/chamal/projects/natvik/knox_qc_full_06232025/derivatives/knox_inj/bin0.5/146658170.jpg,146658170,0,
/data/chamal/projects/natvik/knox_qc_full_06232025/derivatives/knox_inj/bin0.5/180717881.jpg,180717881,0,
/data/chamal/projects/natvik/knox_qc_full_06232025/derivatives/knox_inj/bin0.5/120874405.jpg,120874405,0,
/data/chamal/projects/natvik/knox_qc_full_06232025/derivatives/knox_inj/bin0.5/272875838.jpg,272875838,0,
/data/chamal/projects/natvik/knox_qc_full_06232025/derivatives/knox_inj/bin0.5/126843905.jpg,126843905,0,
/data/chamal/projects/natvik/knox_qc_full_06232025/derivatives/knox_inj/bin0.5/120493315.jpg,120493315,9,
/data/chamal/projects/natvik/knox_qc_full_06232025/derivatives/knox_inj/bin0.5/277480964.jpg,277480964,0,
/data/chamal/projects/natvik/knox_qc_full_06232025/derivatives/knox_inj/bin0.5/158435826.jpg,158435826,0,
/data/chamal/projects/natvik/knox_qc_full_06232025/derivatives/knox_inj/bin0.5/114400640.jpg,114400640,9,
/data/chamal/projects/natvik/knox_qc_full_06232025/derivatives/knox_inj/bin0.5/114472860.jpg,114472860,0,
/data/chamal/projects/natvik/knox_qc_full_06232025/derivatives/knox_inj/bin0.5/125831616.jpg,125831616,0,
/data/chamal/projects/natvik/knox_qc_full_06232025/derivatives/knox_inj/bin0.5/272700063.jpg,272700063,0,
/data/chamal/projects/natvik/knox_qc_full_06232025/derivatives/knox_inj/bin0.5/147134401.jpg,147134401,0,
/data/chamal/projects/natvik/knox_qc_full_06232025/derivatives/knox_inj/bin0.5/175373569.jpg,175373569,4,
/data/chamal/projects/natvik/knox_qc_full_06232025/derivatives/knox_inj/bin0.5/159648854.jpg,159648854,0,
/data/chamal/projects/natvik/knox_qc_full_06232025/derivatives/knox_inj/bin0.5/156929391.jpg,156929391,4,
/data/chamal/projects/natvik/knox_qc_full_06232025/derivatives/knox_inj/bin0.5/180520257.jpg,180520257,0,
/data/chamal/projects/natvik/knox_qc_full_06232025/derivatives/knox_inj/bin0.5/158435116.jpg,158435116,0,
/data/chamal/projects/natvik/knox_qc_full_06232025/derivatives/knox_inj/bin0.5/112672268.jpg,112672268,0,
/data/chamal/projects/natvik/knox_qc_full_06232025/derivatives/knox_inj/bin0.5/157654069.jpg,157654069,0,
/data/chamal/projects/natvik/knox_qc_full_06232025/derivatives/knox_inj/bin0.5/126710740.jpg,126710740,2,
/data/chamal/projects/natvik/knox_qc_full_06232025/derivatives/knox_inj/bin0.5/277710753.jpg,277710753,0,
/data/chamal/projects/natvik/knox_qc_full_06232025/derivatives/knox_inj/bin0.5/120572378.jpg,120572378,1,
/data/chamal/projects/natvik/knox_qc_full_06232025/derivatives/knox_inj/bin0.5/277713580.jpg,277713580,0,
/data/chamal/projects/natvik/knox_qc_full_06232025/derivatives/knox_inj/bin0.5/175158844.jpg,175158844,0,
/data/chamal/projects/natvik/knox_qc_full_06232025/derivatives/knox_inj/bin0.5/174736554.jpg,174736554,0,
/data/chamal/projects/natvik/knox_qc_full_06232025/derivatives/knox_inj/bin0.5/309372716.jpg,309372716,0,
/data/chamal/projects/natvik/knox_qc_full_06232025/derivatives/knox_inj/bin0.5/272737914.jpg,272737914,0,
/data/chamal/projects/natvik/knox_qc_full_06232025/derivatives/knox_inj/bin0.5/113368085.jpg,113368085,0,
/data/chamal/projects/natvik/knox_qc_full_06232025/derivatives/knox_inj/bin0.5/180707817.jpg,180707817,0,
/data/chamal/projects/natvik/knox_qc_full_06232025/derivatives/knox_inj/bin0.5/112307754.jpg,112307754,0,
/data/chamal/projects/natvik/knox_qc_full_06232025/derivatives/knox_inj/bin0.5/272738620.jpg,272738620,0,
/data/chamal/projects/natvik/knox_qc_full_06232025/derivatives/knox_inj/bin0.5/113783321.jpg,113783321,0,
/data/chamal/projects/natvik/knox_qc_full_06232025/derivatives/knox_inj/bin0.5/120280191.jpg,120280191,2,
/data/chamal/projects/natvik/knox_qc_full_06232025/derivatives/knox_inj/bin0.5/146984209.jpg,146984209,0,
/data/chamal/projects/natvik/knox_qc_full_06232025/derivatives/knox_inj/bin0.5/122641784.jpg,122641784,0,
/data/chamal/projects/natvik/knox_qc_full_06232025/derivatives/knox_inj/bin0.5/180709942.jpg,180709942,0,
/data/chamal/projects/natvik/knox_qc_full_06232025/derivatives/knox_inj/bin0.5/112460257.jpg,112460257,9,
/data/chamal/projects/natvik/knox_qc_full_06232025/derivatives/knox_inj/bin0.5/112596790.jpg,112596790,4,
/data/chamal/projects/natvik/knox_qc_full_06232025/derivatives/knox_inj/bin0.5/112826458.jpg,112826458,0,
/data/chamal/projects/natvik/knox_qc_full_06232025/derivatives/knox_inj/bin0.5/180628971.jpg,180628971,0,
/data/chamal/projects/natvik/knox_qc_full_06232025/derivatives/knox_inj/bin0.5/273055501.jpg,273055501,9,
/data/chamal/projects/natvik/knox_qc_full_06232025/derivatives/knox_inj/bin0.5/125832322.jpg,125832322,0,
/data/chamal/projects/natvik/knox_qc_full_06232025/derivatives/knox_inj/bin0.5/127349111.jpg,127349111,0,
/data/chamal/projects/natvik/knox_qc_full_06232025/derivatives/knox_inj/bin0.5/272916915.jpg,272916915,0,
/data/chamal/projects/natvik/knox_qc_full_06232025/derivatives/knox_inj/bin0.5/127761449.jpg,127761449,2,
/data/chamal/projects/natvik/knox_qc_full_06232025/derivatives/knox_inj/bin0.5/127138787.jpg,127138787,0,
/data/chamal/projects/natvik/knox_qc_full_06232025/derivatives/knox_inj/bin0.5/304585910.jpg,304585910,0,
/data/chamal/projects/natvik/knox_qc_full_06232025/derivatives/knox_inj/bin0.5/131068390.jpg,131068390,0,
/data/chamal/projects/natvik/knox_qc_full_06232025/derivatives/knox_inj/bin0.5/139519496.jpg,139519496,0,
/data/chamal/projects/natvik/knox_qc_full_06232025/derivatives/knox_inj/bin0.5/158315810.jpg,158315810,0,
/data/chamal/projects/natvik/knox_qc_full_06232025/derivatives/knox_inj/bin0.5/307137980.jpg,307137980,0,
/data/chamal/projects/natvik/knox_qc_full_06232025/derivatives/knox_inj/bin0.5/133286030.jpg,133286030,0,
/data/chamal/projects/natvik/knox_qc_full_06232025/derivatives/knox_inj/bin0.5/113554719.jpg,113554719,0,
/data/chamal/projects/natvik/knox_qc_full_06232025/derivatives/knox_inj/bin0.5/158914182.jpg,158914182,2,
/data/chamal/projects/natvik/knox_qc_full_06232025/derivatives/knox_inj/bin0.5/126352744.jpg,126352744,0,
/data/chamal/projects/natvik/knox_qc_full_06232025/derivatives/knox_inj/bin0.5/112229814.jpg,112229814,0,
/data/chamal/projects/natvik/knox_qc_full_06232025/derivatives/knox_inj/bin0.5/114008220.jpg,114008220,0,
/data/chamal/projects/natvik/knox_qc_full_06232025/derivatives/knox_inj/bin0.5/125801739.jpg,125801739,0,
/data/chamal/projects/natvik/knox_qc_full_06232025/derivatives/knox_inj/bin0.5/147162027.jpg,147162027,0,
/data/chamal/projects/natvik/knox_qc_full_06232025/derivatives/knox_inj/bin0.5/127468854.jpg,127468854,0,
/data/chamal/projects/natvik/knox_qc_full_06232025/derivatives/knox_inj/bin0.5/127398177.jpg,127398177,0,
/data/chamal/projects/natvik/knox_qc_full_06232025/derivatives/knox_inj/bin0.5/266585624.jpg,266585624,0,
/data/chamal/projects/natvik/knox_qc_full_06232025/derivatives/knox_inj/bin0.5/277618054.jpg,277618054,9,
/data/chamal/projects/natvik/knox_qc_full_06232025/derivatives/knox_inj/bin0.5/267494468.jpg,267494468,0,
/data/chamal/projects/natvik/knox_qc_full_06232025/derivatives/knox_inj/bin0.5/157062358.jpg,157062358,0,
/data/chamal/projects/natvik/knox_qc_full_06232025/derivatives/knox_inj/bin0.5/180718587.jpg,180718587,0,
/data/chamal/projects/natvik/knox_qc_full_06232025/derivatives/knox_inj/bin0.5/120761491.jpg,120761491,0,
/data/chamal/projects/natvik/knox_qc_full_06232025/derivatives/knox_inj/bin0.5/114250546.jpg,114250546,0,
/data/chamal/projects/natvik/knox_qc_full_06232025/derivatives/knox_inj/bin0.5/175142304.jpg,175142304,0,
/data/chamal/projects/natvik/knox_qc_full_06232025/derivatives/knox_inj/bin0.5/127042540.jpg,127042540,4,
/data/chamal/projects/natvik/knox_qc_full_06232025/derivatives/knox_inj/bin0.5/100141223.jpg,100141223,0,
/data/chamal/projects/natvik/knox_qc_full_06232025/derivatives/knox_inj/bin0.5/100140949.jpg,100140949,0,
/data/chamal/projects/natvik/knox_qc_full_06232025/derivatives/knox_inj/bin0.5/146984915.jpg,146984915,0,
/data/chamal/projects/natvik/knox_qc_full_06232025/derivatives/knox_inj/bin0.5/126909424.jpg,126909424,0,
/data/chamal/projects/natvik/knox_qc_full_06232025/derivatives/knox_inj/bin0.5/158257355.jpg,158257355,1,
/data/chamal/projects/natvik/knox_qc_full_06232025/derivatives/knox_inj/bin0.5/157063781.jpg,157063781,0,
/data/chamal/projects/natvik/knox_qc_full_06232025/derivatives/knox_inj/bin0.5/266693274.jpg,266693274,0,
/data/chamal/projects/natvik/knox_qc_full_06232025/derivatives/knox_inj/bin0.5/114155923.jpg,114155923,1,
/data/chamal/projects/natvik/knox_qc_full_06232025/derivatives/knox_inj/bin0.5/158840459.jpg,158840459,0,
/data/chamal/projects/natvik/knox_qc_full_06232025/derivatives/knox_inj/bin0.5/120280939.jpg,120280939,2,
/data/chamal/projects/natvik/knox_qc_full_06232025/derivatives/knox_inj/bin0.5/174361040.jpg,174361040,0,
/data/chamal/projects/natvik/knox_qc_full_06232025/derivatives/knox_inj/bin0.5/114754390.jpg,114754390,0,
/data/chamal/projects/natvik/knox_qc_full_06232025/derivatives/knox_inj/bin0.5/127139568.jpg,127139568,2,
/data/chamal/projects/natvik/knox_qc_full_06232025/derivatives/knox_inj/bin0.5/277714322.jpg,277714322,0,
/data/chamal/projects/natvik/knox_qc_full_06232025/derivatives/knox_inj/bin0.5/147135107.jpg,147135107,0,
/data/chamal/projects/natvik/knox_qc_full_06232025/derivatives/knox_inj/bin0.5/126116848.jpg,126116848,0,
/data/chamal/projects/natvik/knox_qc_full_06232025/derivatives/knox_inj/bin0.5/127762867.jpg,127762867,0,
/data/chamal/projects/natvik/knox_qc_full_06232025/derivatives/knox_inj/bin0.5/113505468.jpg,113505468,4,
/data/chamal/projects/natvik/knox_qc_full_06232025/derivatives/knox_inj/bin0.5/126709328.jpg,126709328,4,
/data/chamal/projects/natvik/knox_qc_full_06232025/derivatives/knox_inj/bin0.5/127865687.jpg,127865687,4,
/data/chamal/projects/natvik/knox_qc_full_06232025/derivatives/knox_inj/bin0.5/277616630.jpg,277616630,0,
/data/chamal/projects/natvik/knox_qc_full_06232025/derivatives/knox_inj/bin0.5/114249084.jpg,114249084,0,
/data/chamal/projects/natvik/knox_qc_full_06232025/derivatives/knox_inj/bin0.5/146046430.jpg,146046430,0,
/data/chamal/projects/natvik/knox_qc_full_06232025/derivatives/knox_inj/bin0.5/307558646.jpg,307558646,0,
/data/chamal/projects/natvik/knox_qc_full_06232025/derivatives/knox_inj/bin0.5/127908173.jpg,127908173,0,
/data/chamal/projects/natvik/knox_qc_full_06232025/derivatives/knox_inj/bin0.5/272970747.jpg,272970747,0,
/data/chamal/projects/natvik/knox_qc_full_06232025/derivatives/knox_inj/bin0.5/112672974.jpg,112672974,4,
/data/chamal/projects/natvik/knox_qc_full_06232025/derivatives/knox_inj/bin0.5/272875132.jpg,272875132,2,
/data/chamal/projects/natvik/knox_qc_full_06232025/derivatives/knox_inj/bin0.5/180916954.jpg,180916954,0,
/data/chamal/projects/natvik/knox_qc_full_06232025/derivatives/knox_inj/bin0.5/127711098.jpg,127711098,0,
/data/chamal/projects/natvik/knox_qc_full_06232025/derivatives/knox_inj/bin0.5/114399934.jpg,114399934,0,
/data/chamal/projects/natvik/knox_qc_full_06232025/derivatives/knox_inj/bin0.5/146660293.jpg,146660293,0,
/data/chamal/projects/natvik/knox_qc_full_06232025/derivatives/knox_inj/bin0.5/277618762.jpg,277618762,0,
/data/chamal/projects/natvik/knox_qc_full_06232025/derivatives/knox_inj/bin0.5/146553971.jpg,146553971,0,
/data/chamal/projects/natvik/knox_qc_full_06232025/derivatives/knox_inj/bin0.5/148197327.jpg,148197327,9,
/data/chamal/projects/natvik/knox_qc_full_06232025/derivatives/knox_inj/bin0.5/159021559.jpg,159021559,0,
/data/chamal/projects/natvik/knox_qc_full_06232025/derivatives/knox_inj/bin0.5/127223428.jpg,127223428,4,
/data/chamal/projects/natvik/knox_qc_full_06232025/derivatives/knox_inj/bin0.5/307593747.jpg,307593747,0,
/data/chamal/projects/natvik/knox_qc_full_06232025/derivatives/knox_inj/bin0.5/156978574.jpg,156978574,0,
/data/chamal/projects/natvik/knox_qc_full_06232025/derivatives/knox_inj/bin0.5/147354951.jpg,147354951,0,
/data/chamal/projects/natvik/knox_qc_full_06232025/derivatives/knox_inj/bin0.5/113884251.jpg,113884251,0,
/data/chamal/projects/natvik/knox_qc_full_06232025/derivatives/knox_inj/bin0.5/272967913.jpg,272967913,0,
/data/chamal/projects/natvik/knox_qc_full_06232025/derivatives/knox_inj/bin0.5/157550122.jpg,157550122,0,
/data/chamal/projects/natvik/knox_qc_full_06232025/derivatives/knox_inj/bin0.5/127649005.jpg,127649005,0,
/data/chamal/projects/natvik/knox_qc_full_06232025/derivatives/knox_inj/bin0.5/127222723.jpg,127222723,0,
/data/chamal/projects/natvik/knox_qc_full_06232025/derivatives/knox_inj/bin0.5/157654817.jpg,157654817,0,
/data/chamal/projects/natvik/knox_qc_full_06232025/derivatives/knox_inj/bin0.5/142654100.jpg,142654100,0,
/data/chamal/projects/natvik/knox_qc_full_06232025/derivatives/knox_inj/bin0.5/114045733.jpg,114045733,9,
/data/chamal/projects/natvik/knox_qc_full_06232025/derivatives/knox_inj/bin0.5/100147853.jpg,100147853,0,
/data/chamal/projects/natvik/knox_qc_full_06232025/derivatives/knox_inj/bin0.5/100142580.jpg,100142580,0,
/data/chamal/projects/natvik/knox_qc_full_06232025/derivatives/knox_inj/bin0.5/112307046.jpg,112307046,0,
/data/chamal/projects/natvik/knox_qc_full_06232025/derivatives/knox_inj/bin0.5/100141495.jpg,100141495,0,
/data/chamal/projects/natvik/knox_qc_full_06232025/derivatives/knox_inj/bin0.5/181058463.jpg,181058463,0,
/data/chamal/projects/natvik/knox_qc_full_06232025/derivatives/knox_inj/bin0.5/100148554.jpg,100148554,9,
/data/chamal/projects/natvik/knox_qc_full_06232025/derivatives/knox_inj/bin0.5/272874417.jpg,272874417,0,
/data/chamal/projects/natvik/knox_qc_full_06232025/derivatives/knox_inj/bin0.5/123662982.jpg,123662982,0,
/data/chamal/projects/natvik/knox_qc_full_06232025/derivatives/knox_inj/bin0.5/147632458.jpg,147632458,4,
/data/chamal/projects/natvik/knox_qc_full_06232025/derivatives/knox_inj/bin0.5/127255254.jpg,127255254,0,
/data/chamal/projects/natvik/knox_qc_full_06232025/derivatives/knox_inj/bin0.5/273065264.jpg,273065264,0,
/data/chamal/projects/natvik/knox_qc_full_06232025/derivatives/knox_inj/bin0.5/139426984.jpg,139426984,0,
/data/chamal/projects/natvik/knox_qc_full_06232025/derivatives/knox_inj/bin0.5/180981417.jpg,180981417,0,
/data/chamal/projects/natvik/knox_qc_full_06232025/derivatives/knox_inj/bin0.5/180917660.jpg,180917660,0,
/data/chamal/projects/natvik/knox_qc_full_06232025/derivatives/knox_inj/bin0.5/112952510.jpg,112952510,0,
/data/chamal/projects/natvik/knox_qc_full_06232025/derivatives/knox_inj/bin0.5/158375425.jpg,158375425,0,
/data/chamal/projects/natvik/knox_qc_full_06232025/derivatives/knox_inj/bin0.5/126522350.jpg,126522350,4,
/data/chamal/projects/natvik/knox_qc_full_06232025/derivatives/knox_inj/bin0.5/158841171.jpg,158841171,0,
/data/chamal/projects/natvik/knox_qc_full_06232025/derivatives/knox_inj/bin0.5/180523704.jpg,180523704,9,
/data/chamal/projects/natvik/knox_qc_full_06232025/derivatives/knox_inj/bin0.5/112595376.jpg,112595376,0,
/data/chamal/projects/natvik/knox_qc_full_06232025/derivatives/knox_inj/bin0.5/175072215.jpg,175072215,4,
/data/chamal/projects/natvik/knox_qc_full_06232025/derivatives/knox_inj/bin0.5/114429338.jpg,114429338,0,
/data/chamal/projects/natvik/knox_qc_full_06232025/derivatives/knox_inj/bin0.5/307297141.jpg,307297141,0,
/data/chamal/projects/natvik/knox_qc_full_06232025/derivatives/knox_inj/bin0.5/146012184.jpg,146012184,9,
/data/chamal/projects/natvik/knox_qc_full_06232025/derivatives/knox_inj/bin0.5/174360333.jpg,174360333,0,
/data/chamal/projects/natvik/knox_qc_full_06232025/derivatives/knox_inj/bin0.5/156979988.jpg,156979988,0,
/data/chamal/projects/natvik/knox_qc_full_06232025/derivatives/knox_inj/bin0.5/127397469.jpg,127397469,0,
/data/chamal/projects/natvik/knox_qc_full_06232025/derivatives/knox_inj/bin0.5/304762965.jpg,304762965,0,
/data/chamal/projects/natvik/knox_qc_full_06232025/derivatives/knox_inj/bin0.5/146012934.jpg,146012934,0,
/data/chamal/projects/natvik/knox_qc_full_06232025/derivatives/knox_inj/bin0.5/117302771.jpg,117302771,0,
/data/chamal/projects/natvik/knox_qc_full_06232025/derivatives/knox_inj/bin0.5/139520203.jpg,139520203,0,
/data/chamal/projects/natvik/knox_qc_full_06232025/derivatives/knox_inj/bin0.5/158258062.jpg,158258062,0,
/data/chamal/projects/natvik/knox_qc_full_06232025/derivatives/knox_inj/bin0.5/309113907.jpg,309113907,0,
/data/chamal/projects/natvik/knox_qc_full_06232025/derivatives/knox_inj/bin0.5/113144533.jpg,113144533,0,
/data/chamal/projects/natvik/knox_qc_full_06232025/derivatives/knox_inj/bin0.5/142654808.jpg,142654808,0,
/data/chamal/projects/natvik/knox_qc_full_06232025/derivatives/knox_inj/bin0.5/127469566.jpg,127469566,0,
/data/chamal/projects/natvik/knox_qc_full_06232025/derivatives/knox_inj/bin0.5/158738894.jpg,158738894,9,
/data/chamal/projects/natvik/knox_qc_full_06232025/derivatives/knox_inj/bin0.5/272969333.jpg,272969333,0,
/data/chamal/projects/natvik/knox_qc_full_06232025/derivatives/knox_inj/bin0.5/127091083.jpg,127091083,0,
/data/chamal/projects/natvik/knox_qc_full_06232025/derivatives/knox_inj/bin0.5/100142569.jpg,100142569,0,
/data/chamal/projects/natvik/knox_qc_full_06232025/derivatives/knox_inj/bin0.5/114473794.jpg,114473794,0,
/data/chamal/projects/natvik/knox_qc_full_06232025/derivatives/knox_inj/bin0.5/100148143.jpg,100148143,0,
/data/chamal/projects/natvik/knox_qc_full_06232025/derivatives/knox_inj/bin0.5/100141435.jpg,100141435,0,
/data/chamal/projects/natvik/knox_qc_full_06232025/derivatives/knox_inj/bin0.5/127650431.jpg,127650431,0,
/data/chamal/projects/natvik/knox_qc_full_06232025/derivatives/knox_inj/bin0.5/147159899.jpg,147159899,0,
/data/chamal/projects/natvik/knox_qc_full_06232025/derivatives/knox_inj/bin0.5/181057754.jpg,181057754,1,
/data/chamal/projects/natvik/knox_qc_full_06232025/derivatives/knox_inj/bin0.5/158916311.jpg,158916311,0,
/data/chamal/projects/natvik/knox_qc_full_06232025/derivatives/knox_inj/bin0.5/146658879.jpg,146658879,1,
/data/chamal/projects/natvik/knox_qc_full_06232025/derivatives/knox_inj/bin0.5/122641078.jpg,122641078,0,
/data/chamal/projects/natvik/knox_qc_full_06232025/derivatives/knox_inj/bin0.5/127041126.jpg,127041126,0,
/data/chamal/projects/natvik/knox_qc_full_06232025/derivatives/knox_inj/bin0.5/272968624.jpg,272968624,0,
/data/chamal/projects/natvik/knox_qc_full_06232025/derivatives/knox_inj/bin0.5/120438416.jpg,120438416,0,
/data/chamal/projects/natvik/knox_qc_full_06232025/derivatives/knox_inj/bin0.5/307743253.jpg,307743253,0,
/data/chamal/projects/natvik/knox_qc_full_06232025/derivatives/knox_inj/bin0.5/175106769.jpg,175106769,2,
/data/chamal/projects/natvik/knox_qc_full_06232025/derivatives/knox_inj/bin0.5/158373958.jpg,158373958,0,
/data/chamal/projects/natvik/knox_qc_full_06232025/derivatives/knox_inj/bin0.5/125802444.jpg,125802444,0,
/data/chamal/projects/natvik/knox_qc_full_06232025/derivatives/knox_inj/bin0.5/114472145.jpg,114472145,0,
/data/chamal/projects/natvik/knox_qc_full_06232025/derivatives/knox_inj/bin0.5/100141563.jpg,100141563,0,
/data/chamal/projects/natvik/knox_qc_full_06232025/derivatives/knox_inj/bin0.5/180436360.jpg,180436360,4,
/data/chamal/projects/natvik/knox_qc_full_06232025/derivatives/knox_inj/bin0.5/112745073.jpg,112745073,0,
/data/chamal/projects/natvik/knox_qc_full_06232025/derivatives/knox_inj/bin0.5/174957972.jpg,174957972,1,
/data/chamal/projects/natvik/knox_qc_full_06232025/derivatives/knox_inj/bin0.5/112229103.jpg,112229103,0,
/data/chamal/projects/natvik/knox_qc_full_06232025/derivatives/knox_inj/bin0.5/112162251.jpg,112162251,0,
/data/chamal/projects/natvik/knox_qc_full_06232025/derivatives/knox_inj/bin0.5/127796728.jpg,127796728,0,
/data/chamal/projects/natvik/knox_qc_full_06232025/derivatives/knox_inj/bin0.5/146986331.jpg,146986331,0,
/data/chamal/projects/natvik/knox_qc_full_06232025/derivatives/knox_inj/bin0.5/121145045.jpg,121145045,0,
/data/chamal/projects/natvik/knox_qc_full_06232025/derivatives/knox_inj/bin0.5/113095845.jpg,113095845,0,
/data/chamal/projects/natvik/knox_qc_full_06232025/derivatives/knox_inj/bin0.5/273025166.jpg,273025166,0,
/data/chamal/projects/natvik/knox_qc_full_06232025/derivatives/knox_inj/bin0.5/272697944.jpg,272697944,0,
/data/chamal/projects/natvik/knox_qc_full_06232025/derivatives/knox_inj/bin0.5/146659588.jpg,146659588,1,
/data/chamal/projects/natvik/knox_qc_full_06232025/derivatives/knox_inj/bin0.5/113166056.jpg,113166056,0,
/data/chamal/projects/natvik/knox_qc_full_06232025/derivatives/knox_inj/bin0.5/146858006.jpg,146858006,0,
/data/chamal/projects/natvik/knox_qc_full_06232025/derivatives/knox_inj/bin0.5/158738180.jpg,158738180,0,
/data/chamal/projects/natvik/knox_qc_full_06232025/derivatives/knox_inj/bin0.5/112827872.jpg,112827872,0,
/data/chamal/projects/natvik/knox_qc_full_06232025/derivatives/knox_inj/bin0.5/113887162.jpg,113887162,0,
/data/chamal/projects/natvik/knox_qc_full_06232025/derivatives/knox_inj/bin0.5/127089669.jpg,127089669,4,
/data/chamal/projects/natvik/knox_qc_full_06232025/derivatives/knox_inj/bin0.5/156930126.jpg,156930126,4,
/data/chamal/projects/natvik/knox_qc_full_06232025/derivatives/knox_inj/bin0.5/112514915.jpg,112514915,0,
/data/chamal/projects/natvik/knox_qc_full_06232025/derivatives/knox_inj/bin0.5/127649713.jpg,127649713,1,
/data/chamal/projects/natvik/knox_qc_full_06232025/derivatives/knox_inj/bin0.5/142655513.jpg,142655513,0,
/data/chamal/projects/natvik/knox_qc_full_06232025/derivatives/knox_inj/bin0.5/100149109.jpg,100149109,0,
/data/chamal/projects/natvik/knox_qc_full_06232025/derivatives/knox_inj/bin0.5/100141598.jpg,100141598,9,
/data/chamal/projects/natvik/knox_qc_full_06232025/derivatives/knox_inj/bin0.5/272826010.jpg,272826010,0,
/data/chamal/projects/natvik/knox_qc_full_06232025/derivatives/knox_inj/bin0.5/277712166.jpg,277712166,0,
/data/chamal/projects/natvik/knox_qc_full_06232025/derivatives/knox_inj/bin0.5/112791318.jpg,112791318,0,
/data/chamal/projects/natvik/knox_qc_full_06232025/derivatives/knox_inj/bin0.5/159649643.jpg,159649643,0,
/data/chamal/projects/natvik/knox_qc_full_06232025/derivatives/knox_inj/bin0.5/112670853.jpg,112670853,0,
/data/chamal/projects/natvik/knox_qc_full_06232025/derivatives/knox_inj/bin0.5/125361005.jpg,125361005,0,
/data/chamal/projects/natvik/knox_qc_full_06232025/derivatives/knox_inj/bin0.5/175374982.jpg,175374982,0,
/data/chamal/projects/natvik/knox_qc_full_06232025/derivatives/knox_inj/bin0.5/112306316.jpg,112306316,0,
/data/chamal/projects/natvik/knox_qc_full_06232025/derivatives/knox_inj/bin0.5/112424102.jpg,112424102,0,
/data/chamal/projects/natvik/knox_qc_full_06232025/derivatives/knox_inj/bin0.5/129573239.jpg,129573239,0,
/data/chamal/projects/natvik/knox_qc_full_06232025/derivatives/knox_inj/bin0.5/147706228.jpg,147706228,4,
/data/chamal/projects/natvik/knox_qc_full_06232025/derivatives/knox_inj/bin0.5/157659671.jpg,157659671,0,
/data/chamal/projects/natvik/knox_qc_full_06232025/derivatives/knox_inj/bin0.5/112597496.jpg,112597496,0,
/data/chamal/projects/natvik/knox_qc_full_06232025/derivatives/knox_inj/bin0.5/113399428.jpg,113399428,0,
/data/chamal/projects/natvik/knox_qc_full_06232025/derivatives/knox_inj/bin0.5/120760759.jpg,120760759,0,
/data/chamal/projects/natvik/knox_qc_full_06232025/derivatives/knox_inj/bin0.5/121146455.jpg,121146455,0,
/data/chamal/projects/natvik/knox_qc_full_06232025/derivatives/knox_inj/bin0.5/126861679.jpg,126861679,0,
/data/chamal/projects/natvik/knox_qc_full_06232025/derivatives/knox_inj/bin0.5/120811946.jpg,120811946,0,
/data/chamal/projects/natvik/knox_qc_full_06232025/derivatives/knox_inj/bin0.5/272829745.jpg,272829745,1,
/data/chamal/projects/natvik/knox_qc_full_06232025/derivatives/knox_inj/bin0.5/138059031.jpg,138059031,0,
/data/chamal/projects/natvik/knox_qc_full_06232025/derivatives/knox_inj/bin0.5/112882565.jpg,112882565,0,
/data/chamal/projects/natvik/knox_qc_full_06232025/derivatives/knox_inj/bin0.5/121509005.jpg,121509005,0,
/data/chamal/projects/natvik/knox_qc_full_06232025/derivatives/knox_inj/bin0.5/127041832.jpg,127041832,0,
/data/chamal/projects/natvik/knox_qc_full_06232025/derivatives/knox_inj/bin0.5/127083591.jpg,127083591,0,
/data/chamal/projects/natvik/knox_qc_full_06232025/derivatives/knox_inj/bin0.5/126351299.jpg,126351299,9,
/data/chamal/projects/natvik/knox_qc_full_06232025/derivatives/knox_inj/bin0.5/100141596.jpg,100141596,0,
/data/chamal/projects/natvik/knox_qc_full_06232025/derivatives/knox_inj/bin0.5/180709230.jpg,180709230,0,
/data/chamal/projects/natvik/knox_qc_full_06232025/derivatives/knox_inj/bin0.5/180673746.jpg,180673746,0,
/data/chamal/projects/natvik/knox_qc_full_06232025/derivatives/knox_inj/bin0.5/180073473.jpg,180073473,0,
/data/chamal/projects/natvik/knox_qc_full_06232025/derivatives/knox_inj/bin0.5/100141214.jpg,100141214,0,
/data/chamal/projects/natvik/knox_qc_full_06232025/derivatives/knox_inj/bin0.5/272414403.jpg,272414403,0,
/data/chamal/projects/natvik/knox_qc_full_06232025/derivatives/knox_inj/bin0.5/158314278.jpg,158314278,0,
/data/chamal/projects/natvik/knox_qc_full_06232025/derivatives/knox_inj/bin0.5/100141780.jpg,100141780,0,
/data/chamal/projects/natvik/knox_qc_full_06232025/derivatives/knox_inj/bin0.5/113313632.jpg,113313632,0,
/data/chamal/projects/natvik/knox_qc_full_06232025/derivatives/knox_inj/bin0.5/157556400.jpg,157556400,0,
/data/chamal/projects/natvik/knox_qc_full_06232025/derivatives/knox_inj/bin0.5/113400134.jpg,113400134,0,
/data/chamal/projects/natvik/knox_qc_full_06232025/derivatives/knox_inj/bin0.5/126523066.jpg,126523066,1,
/data/chamal/projects/natvik/knox_qc_full_06232025/derivatives/knox_inj/bin0.5/272917631.jpg,272917631,0,
/data/chamal/projects/natvik/knox_qc_full_06232025/derivatives/knox_inj/bin0.5/146747721.jpg,146747721,0,
/data/chamal/projects/natvik/knox_qc_full_06232025/derivatives/knox_inj/bin0.5/126862385.jpg,126862385,0,
/data/chamal/projects/natvik/knox_qc_full_06232025/derivatives/knox_inj/bin0.5/114430043.jpg,114430043,0,
/data/chamal/projects/natvik/knox_qc_full_06232025/derivatives/knox_inj/bin0.5/112167395.jpg,112167395,0,
/data/chamal/projects/natvik/knox_qc_full_06232025/derivatives/knox_inj/bin0.5/116905391.jpg,116905391,0,
/data/chamal/projects/natvik/knox_qc_full_06232025/derivatives/knox_inj/bin0.5/114402050.jpg,114402050,0,
/data/chamal/projects/natvik/knox_qc_full_06232025/derivatives/knox_inj/bin0.5/180297139.jpg,180297139,0,
/data/chamal/projects/natvik/knox_qc_full_06232025/derivatives/knox_inj/bin0.5/119848249.jpg,119848249,0,
/data/chamal/projects/natvik/knox_qc_full_06232025/derivatives/knox_inj/bin0.5/120875111.jpg,120875111,0,
/data/chamal/projects/natvik/knox_qc_full_06232025/derivatives/knox_inj/bin0.5/127350480.jpg,127350480,0,
/data/chamal/projects/natvik/knox_qc_full_06232025/derivatives/knox_inj/bin0.5/126653015.jpg,126653015,0,
/data/chamal/projects/natvik/knox_qc_full_06232025/derivatives/knox_inj/bin0.5/100148142.jpg,100148142,0,
/data/chamal/projects/natvik/knox_qc_full_06232025/derivatives/knox_inj/bin0.5/100141434.jpg,100141434,4,
/data/chamal/projects/natvik/knox_qc_full_06232025/derivatives/knox_inj/bin0.5/120436274.jpg,120436274,0,
/data/chamal/projects/natvik/knox_qc_full_06232025/derivatives/knox_inj/bin0.5/112935169.jpg,112935169,0,
/data/chamal/projects/natvik/knox_qc_full_06232025/derivatives/knox_inj/bin0.5/113036264.jpg,113036264,2,
/data/chamal/projects/natvik/knox_qc_full_06232025/derivatives/knox_inj/bin0.5/126852363.jpg,126852363,0,
/data/chamal/projects/natvik/knox_qc_full_06232025/derivatives/knox_inj/bin0.5/114427219.jpg,114427219,0,
/data/chamal/projects/natvik/knox_qc_full_06232025/derivatives/knox_inj/bin0.5/114290938.jpg,114290938,0,
/data/chamal/projects/natvik/knox_qc_full_06232025/derivatives/knox_inj/bin0.5/147214398.jpg,147214398,0,
/data/chamal/projects/natvik/knox_qc_full_06232025/derivatives/knox_inj/bin0.5/127907465.jpg,127907465,0,
/data/chamal/projects/natvik/knox_qc_full_06232025/derivatives/knox_inj/bin0.5/272916202.jpg,272916202,0,
/data/chamal/projects/natvik/knox_qc_full_06232025/derivatives/knox_inj/bin0.5/112951804.jpg,112951804,0,
/data/chamal/projects/natvik/knox_qc_full_06232025/derivatives/knox_inj/bin0.5/180435652.jpg,180435652,0,
/data/chamal/projects/natvik/knox_qc_full_06232025/derivatives/knox_inj/bin0.5/121509711.jpg,121509711,0,
/data/chamal/projects/natvik/knox_qc_full_06232025/derivatives/knox_inj/bin0.5/180719293.jpg,180719293,0,
/data/chamal/projects/natvik/knox_qc_full_06232025/derivatives/knox_inj/bin0.5/152994878.jpg,152994878,0,
/data/chamal/projects/natvik/knox_qc_full_06232025/derivatives/knox_inj/bin0.5/307320960.jpg,307320960,0,
/data/chamal/projects/natvik/knox_qc_full_06232025/derivatives/knox_inj/bin0.5/309004492.jpg,309004492,0,
/data/chamal/projects/natvik/knox_qc_full_06232025/derivatives/knox_inj/bin0.5/112373124.jpg,112373124,0,
/data/chamal/projects/natvik/knox_qc_full_06232025/derivatives/knox_inj/bin0.5/113935990.jpg,113935990,0,
/data/chamal/projects/natvik/knox_qc_full_06232025/derivatives/knox_inj/bin0.5/156979283.jpg,156979283,0,
/data/chamal/projects/natvik/knox_qc_full_06232025/derivatives/knox_inj/bin0.5/309003780.jpg,309003780,0,
/data/chamal/projects/natvik/knox_qc_full_06232025/derivatives/knox_inj/bin0.5/127557915.jpg,127557915,0,
/data/chamal/projects/natvik/knox_qc_full_06232025/derivatives/knox_inj/bin0.5/114291646.jpg,114291646,0,
/data/chamal/projects/natvik/knox_qc_full_06232025/derivatives/knox_inj/bin0.5/146858755.jpg,146858755,0,
/data/chamal/projects/natvik/knox_qc_full_06232025/derivatives/knox_inj/bin0.5/146593590.jpg,146593590,0,
/data/chamal/projects/natvik/knox_qc_full_06232025/derivatives/knox_inj/bin0.5/126190743.jpg,126190743,0,
/data/chamal/projects/natvik/knox_qc_full_06232025/derivatives/knox_inj/bin0.5/125363160.jpg,125363160,0,
/data/chamal/projects/natvik/knox_qc_full_06232025/derivatives/knox_inj/bin0.5/174361746.jpg,174361746,4,
/data/chamal/projects/natvik/knox_qc_full_06232025/derivatives/knox_inj/bin0.5/114755099.jpg,114755099,0,
/data/chamal/projects/natvik/knox_qc_full_06232025/derivatives/knox_inj/bin0.5/128002057.jpg,128002057,0,
/data/chamal/projects/natvik/knox_qc_full_06232025/derivatives/knox_inj/bin0.5/117298988.jpg,117298988,0,
/data/chamal/projects/natvik/knox_qc_full_06232025/derivatives/knox_inj/bin0.5/100141473.jpg,100141473,0,
/data/chamal/projects/natvik/knox_qc_full_06232025/derivatives/knox_inj/bin0.5/141601779.jpg,141601779,0,
/data/chamal/projects/natvik/knox_qc_full_06232025/derivatives/knox_inj/bin0.5/307295727.jpg,307295727,0,
/data/chamal/projects/natvik/knox_qc_full_06232025/derivatives/knox_inj/bin0.5/100141597.jpg,100141597,4,
/data/chamal/projects/natvik/knox_qc_full_06232025/derivatives/knox_inj/bin0.5/175019536.jpg,175019536,1,
/data/chamal/projects/natvik/knox_qc_full_06232025/derivatives/knox_inj/bin0.5/100149969.jpg,100149969,0,
/data/chamal/projects/natvik/knox_qc_full_06232025/derivatives/knox_inj/bin0.5/113887868.jpg,113887868,0,
/data/chamal/projects/natvik/knox_qc_full_06232025/derivatives/knox_inj/bin0.5/119847544.jpg,119847544,0,
/data/chamal/projects/natvik/knox_qc_full_06232025/derivatives/knox_inj/bin0.5/127085717.jpg,127085717,0,
/data/chamal/projects/natvik/knox_qc_full_06232025/derivatives/knox_inj/bin0.5/126352037.jpg,126352037,9,
/data/chamal/projects/natvik/knox_qc_full_06232025/derivatives/knox_inj/bin0.5/126860974.jpg,126860974,0,
/data/chamal/projects/natvik/knox_qc_full_06232025/derivatives/knox_inj/bin0.5/127084296.jpg,127084296,0,
/data/chamal/projects/natvik/knox_qc_full_06232025/derivatives/knox_inj/bin0.5/268415561.jpg,268415561,0,
/data/chamal/projects/natvik/knox_qc_full_06232025/derivatives/knox_inj/bin0.5/273028004.jpg,273028004,0,
/data/chamal/projects/natvik/knox_qc_full_06232025/derivatives/knox_inj/bin0.5/156931568.jpg,156931568,0,
/data/chamal/projects/natvik/knox_qc_full_06232025/derivatives/knox_inj/bin0.5/307321674.jpg,307321674,0,
/data/chamal/projects/natvik/knox_qc_full_06232025/derivatives/knox_inj/bin0.5/126907302.jpg,126907302,0,
/data/chamal/projects/natvik/knox_qc_full_06232025/derivatives/knox_inj/bin0.5/127866392.jpg,127866392,0,
/data/chamal/projects/natvik/knox_qc_full_06232025/derivatives/knox_inj/bin0.5/122640358.jpg,122640358,0,
/data/chamal/projects/natvik/knox_qc_full_06232025/derivatives/knox_inj/bin0.5/159024474.jpg,159024474,0,
/data/chamal/projects/natvik/knox_qc_full_06232025/derivatives/knox_inj/bin0.5/113935285.jpg,113935285,0,
/data/chamal/projects/natvik/knox_qc_full_06232025/derivatives/knox_inj/bin0.5/146857301.jpg,146857301,0,
/data/chamal/projects/natvik/knox_qc_full_06232025/derivatives/knox_inj/bin0.5/158321996.jpg,158321996,0,
/data/chamal/projects/natvik/knox_qc_full_06232025/derivatives/knox_inj/bin0.5/100141599.jpg,100141599,0,
/data/chamal/projects/natvik/knox_qc_full_06232025/derivatives/knox_inj/bin0.5/558581415.jpg,558581415,0,
/data/chamal/projects/natvik/knox_qc_full_06232025/derivatives/knox_inj/bin0.5/146077302.jpg,146077302,0,
/data/chamal/projects/natvik/knox_qc_full_06232025/derivatives/knox_inj/bin0.5/174781014.jpg,174781014,0,
/data/chamal/projects/natvik/knox_qc_full_06232025/derivatives/knox_inj/bin0.5/268389532.jpg,268389532,0,
/data/chamal/projects/natvik/knox_qc_full_06232025/derivatives/knox_inj/bin0.5/158314987.jpg,158314987,1,
/data/chamal/projects/natvik/knox_qc_full_06232025/derivatives/knox_inj/bin0.5/147215105.jpg,147215105,0,
/data/chamal/projects/natvik/knox_qc_full_06232025/derivatives/knox_inj/bin0.5/146553266.jpg,146553266,0,
/data/chamal/projects/natvik/knox_qc_full_06232025/derivatives/knox_inj/bin0.5/126188607.jpg,126188607,0,
/data/chamal/projects/natvik/knox_qc_full_06232025/derivatives/knox_inj/bin0.5/157711748.jpg,157711748,0,
/data/chamal/projects/natvik/knox_qc_full_06232025/derivatives/knox_inj/bin0.5/112228391.jpg,112228391,0,
/data/chamal/projects/natvik/knox_qc_full_06232025/derivatives/knox_inj/bin0.5/112373830.jpg,112373830,0,
/data/chamal/projects/natvik/knox_qc_full_06232025/derivatives/knox_inj/bin0.5/126646502.jpg,126646502,0,
/data/chamal/projects/natvik/knox_qc_full_06232025/derivatives/knox_inj/bin0.5/113784293.jpg,113784293,0,
/data/chamal/projects/natvik/knox_qc_full_06232025/derivatives/knox_inj/bin0.5/112936582.jpg,112936582,0,
/data/chamal/projects/natvik/knox_qc_full_06232025/derivatives/knox_inj/bin0.5/116903968.jpg,116903968,0,
/data/chamal/projects/natvik/knox_qc_full_06232025/derivatives/knox_inj/bin0.5/112458114.jpg,112458114,0,
/data/chamal/projects/natvik/knox_qc_full_06232025/derivatives/knox_inj/bin0.5/273068974.jpg,273068974,0,
/data/chamal/projects/natvik/knox_qc_full_06232025/derivatives/knox_inj/bin0.5/125830911.jpg,125830911,0,
/data/chamal/projects/natvik/knox_qc_full_06232025/derivatives/knox_inj/bin0.5/100141796.jpg,100141796,0,
/data/chamal/projects/natvik/knox_qc_full_06232025/derivatives/knox_inj/bin0.5/307296433.jpg,307296433,0,
/data/chamal/projects/natvik/knox_qc_full_06232025/derivatives/knox_inj/bin0.5/304564721.jpg,304564721,0,
/data/chamal/projects/natvik/knox_qc_full_06232025/derivatives/knox_inj/bin0.5/170721670.jpg,170721670,0,
/data/chamal/projects/natvik/knox_qc_full_06232025/derivatives/knox_inj/bin0.5/120571672.jpg,120571672,0,
/data/chamal/projects/natvik/knox_qc_full_06232025/derivatives/knox_inj/bin0.5/141603190.jpg,141603190,0,
/data/chamal/projects/natvik/knox_qc_full_06232025/derivatives/knox_inj/bin0.5/126189322.jpg,126189322,0,
/data/chamal/projects/natvik/knox_qc_full_06232025/derivatives/knox_inj/bin0.5/100142655.jpg,100142655,0,
/data/chamal/projects/natvik/knox_qc_full_06232025/derivatives/knox_inj/bin0.5/113443572.jpg,113443572,0,
/data/chamal/projects/natvik/knox_qc_full_06232025/derivatives/knox_inj/bin0.5/126710034.jpg,126710034,0,
/data/chamal/projects/natvik/knox_qc_full_06232025/derivatives/knox_inj/bin0.5/180720175.jpg,180720175,0,
/data/chamal/projects/natvik/knox_qc_full_06232025/derivatives/knox_inj/bin0.5/157710335.jpg,157710335,0,
